Admin,Admin,manda userUser,Enabled
admin1777200370,Admin,AdminTest200362 User,Enabled
admin1777201343,Admin,AdminTest201334 User,Enabled
anusha,Admin,John Doe,Enabled
anushatingilkar,Admin,joker selvam,Enabled
AprameyaK_auto_662594,ESS,Aprameya K,Enabled
FMLName,ESS,Qwerty LName,Enabled
FMLName1,ESS,FName LName,Enabled
houston.pouros641,ESS,Houston Pouros,Enabled
Jobinsam@6742,ESS,Jobin Sam,Enabled
johnsmith1777200330,ESS,John Smith,Enabled
stoun.sas14,ESS,Kando Urbi,Enabled
user1777199890985,ESS,Manager1777199890985 Last Name,Enabled
user1777199961912,ESS,Manager1777199961912 Last Name,Enabled
user1777200026475,ESS,Manager1777200026475 Last Name,Enabled
virat,ESS,virat kholi,Enabled